{
    "layout_id": "5990d986",
    "layout_vars": [
        0.34721002431244813,
        0.5746746585370691,
        0.3489152498194,
        0.7293515761310373,
        0.5593957594061758,
        0.8496068219068653,
        0.7145789531587238,
        1.0808674152234055,
        0.7295557155405517,
        1.2342014417948568,
        0.4721741872250506,
        1.390697750984921
    ],
    "stations": [
        [
            0.61,
            0.39
        ],
        [
            0.34721002431244813,
            0.5746746585370691
        ],
        [
            0.3489152498194,
            0.7293515761310373
        ],
        [
            0.5593957594061758,
            0.8496068219068653
        ],
        [
            0.7,
            0.93
        ],
        [
            0.7145789531587238,
            1.0808674152234055
        ],
        [
            0.7295557155405517,
            1.2342014417948568
        ],
        [
            0.4721741872250506,
            1.390697750984921
        ],
        [
            0.61,
            1.45
        ]
    ],
    "movable_indices": [
        1,
        2,
        3,
        5,
        6,
        7
    ],
    "fixed_mask": [
        true,
        false,
        false,
        false,
        true,
        false,
        false,
        false,
        true
    ],
    "params": {
        "R1": [
            0.5325,
            0.65
        ],
        "R2": [
            0.5325,
            1.2
        ],
        "A": [
            0.66,
            0.44
        ],
        "reach": 0.381,
        "r_min": 0.2,
        "stations_base": [
            [
                0.61,
                0.39
            ],
            [
                0.8,
                0.525
            ],
            [
                0.8,
                0.655
            ],
            [
                0.8,
                0.79
            ],
            [
                0.7,
                0.93
            ],
            [
                0.8,
                1.06
            ],
            [
                0.8,
                1.19
            ],
            [
                0.8,
                1.325
            ],
            [
                0.61,
                1.45
            ]
        ],
        "fixed_mask": [
            true,
            false,
            false,
            false,
            true,
            false,
            false,
            false,
            true
        ],
        "robot1_stations": [
            0,
            1,
            2,
            3,
            4
        ],
        "robot2_stations": [
            4,
            5,
            6,
            7,
            8
        ],
        "shape_mode": "BASE",
        "shape_weight": 1.0,
        "tiempos_estacion": [
            0,
            8,
            8,
            5,
            10,
            5,
            4,
            4,
            0
        ],
        "baseline_time": 120.0,
        "d_min": 0.15,
        "PENALTY": 1000.0
    },
    "fitness": 0.3808988739813194,
    "total_time": 45.707864877758325,
    "baseline_time": 120.0,
    "delta_time": -74.29213512224167,
    "improvement_percent": 61.910112601868065,
    "best_history": [
        0.45879513075714495,
        0.3934970250063091,
        0.39188862033396926,
        0.3891172137409124,
        0.38737105334528155,
        0.3845178139904086,
        0.3843030062867831,
        0.38425415240293304,
        0.3840387411029658,
        0.3837459178162842,
        0.3832614725821833,
        0.3829454881466851,
        0.38261917058279055,
        0.38233527820580515,
        0.3821523064364369,
        0.3819213599615508,
        0.38162027167936247,
        0.38134069167850154,
        0.3813115002298371,
        0.38120574872609697,
        0.381102731344846,
        0.3810962223236414,
        0.3810423516206691,
        0.3809985145519523,
        0.38098486343417165,
        0.3809704037959305,
        0.3809704037959305,
        0.3809704037959305,
        0.38095602123786326,
        0.38095549214211405,
        0.38095023306279596,
        0.38095011257477934,
        0.38094620341577445,
        0.3809440618422621,
        0.3809396321028358,
        0.3809371824930524,
        0.38093145020612057,
        0.3809285676573031,
        0.3809270514668129,
        0.3809270514668129,
        0.3809169796458969,
        0.3809169796458969,
        0.3809169796458969,
        0.3809134787779367,
        0.3809134787779367,
        0.3809128257349281,
        0.3809128257349281,
        0.3809128257349281,
        0.3809128257349281,
        0.3809128257349281,
        0.3809128257349281,
        0.38091224106797367,
        0.38091201613746073,
        0.38091201613746073,
        0.3809069582656023,
        0.3809069582656023,
        0.3809069582656023,
        0.3809069582656023,
        0.3809069409713287,
        0.3809069243618818,
        0.3809068706537036,
        0.3809068706537036,
        0.3809067254820384,
        0.38090632456095347,
        0.38090632456095347,
        0.38090632456095347,
        0.38090632456095347,
        0.38090632456095347,
        0.38090632456095347,
        0.3809062616812706,
        0.38090606976778596,
        0.38090606976778596,
        0.38090291064404536,
        0.38090291064404536,
        0.380902881039698,
        0.380902881039698,
        0.380902881039698,
        0.3809022186336806,
        0.3809022186336806,
        0.3809021676708709,
        0.3809017254499128,
        0.3809017254499128,
        0.3809016788836242,
        0.3809016788836242,
        0.38090156512110573,
        0.3809009012985855,
        0.3809009012985855,
        0.3809009012985855,
        0.3809009012985855,
        0.3809008287806669,
        0.3809008287806669,
        0.3809008287806669,
        0.3809006635352877,
        0.38090062861990465,
        0.38090062861990465,
        0.38090062861990465,
        0.38090062861990465,
        0.38090028578768076,
        0.38090028578768076,
        0.38090028578768076,
        0.38090028578768076,
        0.38090028578768076,
        0.38090028578768076,
        0.38090028578768076,
        0.38090028578768076,
        0.3809002466027722,
        0.3809002466027722,
        0.38089996618396904,
        0.38089996618396904,
        0.38089996618396904,
        0.38089996618396904,
        0.38089996618396904,
        0.3808999586131504,
        0.3808999254684409,
        0.3808999254684409,
        0.3808999254684409,
        0.3808999254684409,
        0.3808999254684409,
        0.3808999254684409,
        0.3808999254684409,
        0.3808999254684409,
        0.3808998865386595,
        0.38089983375444797,
        0.38089983375444797,
        0.3808988941858907,
        0.3808988941858907,
        0.3808988941858907,
        0.3808988941858907,
        0.3808988941858907,
        0.3808988941858907,
        0.3808988941858907,
        0.38089888987807186,
        0.38089888987807186,
        0.38089888987807186,
        0.38089888987807186,
        0.3808988832691822,
        0.3808988832691822,
        0.3808988832691822,
        0.38089888144567025,
        0.38089888144567025,
        0.38089888144567025,
        0.3808988804533444,
        0.3808988804533444,
        0.3808988804533444,
        0.3808988792539607,
        0.38089887869363814,
        0.3808988739813194,
        0.3808988739813194,
        0.3808988739813194,
        0.3808988739813194
    ],