{
    "layout_id": "5832233c",
    "layout_vars": [
        0.731854132591042,
        0.4774981798396364,
        0.7312824892105998,
        0.6275362470468532,
        0.715313087295124,
        0.7790793507035703,
        0.7127395417305985,
        1.10170472736961,
        0.7242574949503326,
        1.2568562384468245,
        0.472190071893036,
        1.3906989579191253
    ],
    "stations": [
        [
            0.61,
            0.39
        ],
        [
            0.731854132591042,
            0.4774981798396364
        ],
        [
            0.7312824892105998,
            0.6275362470468532
        ],
        [
            0.715313087295124,
            0.7790793507035703
        ],
        [
            0.7,
            0.93
        ],
        [
            0.7127395417305985,
            1.10170472736961
        ],
        [
            0.7242574949503326,
            1.2568562384468245
        ],
        [
            0.472190071893036,
            1.3906989579191253
        ],
        [
            0.61,
            1.45
        ]
    ],
    "movable_indices": [
        1,
        2,
        3,
        5,
        6,
        7
    ],
    "fixed_mask": [
        true,
        false,
        false,
        false,
        true,
        false,
        false,
        false,
        true
    ],
    "params": {
        "R1": [
            0.5325,
            0.65
        ],
        "R2": [
            0.5325,
            1.2
        ],
        "A": [
            0.66,
            0.44
        ],
        "reach": 0.381,
        "r_min": 0.2,
        "stations_base": [
            [
                0.61,
                0.39
            ],
            [
                0.8,
                0.525
            ],
            [
                0.8,
                0.655
            ],
            [
                0.8,
                0.79
            ],
            [
                0.7,
                0.93
            ],
            [
                0.8,
                1.06
            ],
            [
                0.8,
                1.19
            ],
            [
                0.8,
                1.325
            ],
            [
                0.61,
                1.45
            ]
        ],
        "fixed_mask": [
            true,
            false,
            false,
            false,
            true,
            false,
            false,
            false,
            true
        ],
        "robot1_stations": [
            0,
            1,
            2,
            3,
            4
        ],
        "robot2_stations": [
            4,
            5,
            6,
            7,
            8
        ],
        "shape_mode": "BASE",
        "shape_weight": 1.0,
        "tiempos_estacion": [
            0,
            8,
            8,
            5,
            10,
            5,
            4,
            4,
            0
        ],
        "baseline_time": 120.0,
        "d_min": 0.15,
        "PENALTY": 1000.0
    },
    "fitness": 0.37865018538317163,
    "total_time": 45.4380222459806,
    "baseline_time": 120.0,
    "delta_time": -74.56197775401941,
    "improvement_percent": 62.134981461682834,
    "best_history": [
        0.4865668422663329,
        0.3919876620025462,
        0.389051730213547,
        0.3880387848549488,
        0.3858816107853322,
        0.38454453479725026,
        0.3842018457359065,
        0.3838557193358717,
        0.3838557193358717,
        0.38364609235246816,
        0.3833879399669415,
        0.38308124222530526,
        0.38264576324048744,
        0.38261712980619905,
        0.3821658547548211,
        0.38195653562844156,
        0.3817927772429247,
        0.3816704476795767,
        0.3812879482763131,
        0.3812807890750903,
        0.38124294913172885,
        0.3812114786129612,
        0.3811162036711219,
        0.38109040138827205,
        0.38096418406214144,
        0.3807266761197068,
        0.38047142043532756,
        0.38038641708446624,
        0.38035601517742496,
        0.3802299708200441,
        0.37994170428236024,
        0.3798852647543523,
        0.3797910765011165,
        0.3797910765011165,
        0.37967853474520935,
        0.37954602897828926,
        0.3794381400741999,
        0.3793094164113713,
        0.37926146433181473,
        0.3791727907288804,
        0.3791648466765547,
        0.3790778843646655,
        0.3790450545146105,
        0.3789985113337284,
        0.3789985113337284,
        0.3789859096238251,
        0.37898474457395553,
        0.37894150502366564,
        0.3788637392028878,
        0.3788546551653161,
        0.3788004814594872,
        0.37878298722812453,
        0.3787736716310515,
        0.3787715762617232,
        0.3787588852636173,
        0.37875670296908337,
        0.3787452767551117,
        0.37874389370823586,
        0.37874157917091045,
        0.37874157917091045,
        0.3787405647395871,
        0.37870304978844416,
        0.37870304978844416,
        0.3786992726007949,
        0.3786992726007949,
        0.37869641457434156,
        0.378692704916616,
        0.378692704916616,
        0.378692704916616,
        0.37868433579661026,
        0.37868433579661026,
        0.37868211802840274,
        0.3786818454171626,
        0.3786800570758414,
        0.3786800570758414,
        0.3786787864231481,
        0.3786787864231481,
        0.3786779297853842,
        0.37867630278178904,
        0.37867579930634515,
        0.37867458954503724,
        0.37867458954503724,
        0.3786742781411266,
        0.3786734411503482,
        0.3786734411503482,
        0.37866696748671885,
        0.37866695053621535,
        0.37866695053621535,
        0.37866645360314544,
        0.3786663993791527,
        0.3786625979546889,
        0.3786613679658169,
        0.3786613679658169,
        0.37866126020570956,
        0.37866107278380967,
        0.37866107278380967,
        0.3786610721302418,
        0.3786610721302418,
        0.3786610465807748,
        0.3786610108022423,
        0.3786598874304203,
        0.3786598874304203,
        0.37865855346434946,
        0.3786585496855107,
        0.3786585496855107,
        0.3786585496855107,
        0.3786585496855107,
        0.3786574090800985,
        0.3786574090800985,
        0.37865660264658774,
        0.37865660264658774,
        0.37865658893982773,
        0.37865653225939894,
        0.3786556678286956,
        0.3786556678286956,
        0.3786556678286956,
        0.3786548153484965,
        0.3786548153484965,
        0.3786548153484965,
        0.3786547598069801,
        0.3786547598069801,
        0.3786547598069801,
        0.37865385558702097,
        0.37865385558702097,
        0.37865385558702097,
        0.37865384553088816,
        0.3786533451463571,
        0.37865324959668495,
        0.37865322547581376,
        0.37865322547581376,
        0.37865322547581376,
        0.3786532203404582,
        0.3786532203404582,
        0.3786525377442456,
        0.37865170725627917,
        0.37865170725627917,
        0.37865170725627917,
        0.3786516954849185,
        0.3786516941133124,
        0.378651060550199,
        0.378651060550199,
        0.378651060550199,
        0.3786510463453405,
        0.3786510463453405,
        0.3786510463453405,
        0.3786510463453405,
        0.3786510463453405,
        0.3786510463453405,
        0.3786510463453405,
        0.37865018538317163
    ],