{
    "layout_id": "7dfc2602",
    "layout_vars": [
        0.7361205247113659,
        0.47127393052231287,
        0.7305331988940483,
        0.621173102997325,
        0.7147975212000233,
        0.7800173817190307,
        0.7042995092712098,
        1.0903226233379857,
        0.7097634838778056,
        1.292700397875245,
        0.4732269249906801,
        1.5115938977717396
    ],
    "stations": [
        [
            0.61,
            0.39
        ],
        [
            0.7361205247113659,
            0.47127393052231287
        ],
        [
            0.7305331988940483,
            0.621173102997325
        ],
        [
            0.7147975212000233,
            0.7800173817190307
        ],
        [
            0.7,
            0.93
        ],
        [
            0.7042995092712098,
            1.0903226233379857
        ],
        [
            0.7097634838778056,
            1.292700397875245
        ],
        [
            0.4732269249906801,
            1.5115938977717396
        ],
        [
            0.61,
            1.45
        ]
    ],
    "movable_indices": [
        1,
        2,
        3,
        5,
        6,
        7
    ],
    "fixed_mask": [
        true,
        false,
        false,
        false,
        true,
        false,
        false,
        false,
        true
    ],
    "params": {
        "R1": [
            0.5325,
            0.65
        ],
        "R2": [
            0.5325,
            1.2
        ],
        "A": [
            0.66,
            0.44
        ],
        "reach": 0.381,
        "r_min": 0.2,
        "stations_base": [
            [
                0.61,
                0.39
            ],
            [
                0.8,
                0.525
            ],
            [
                0.8,
                0.655
            ],
            [
                0.8,
                0.79
            ],
            [
                0.7,
                0.93
            ],
            [
                0.8,
                1.06
            ],
            [
                0.8,
                1.19
            ],
            [
                0.8,
                1.325
            ],
            [
                0.61,
                1.45
            ]
        ],
        "fixed_mask": [
            true,
            false,
            false,
            false,
            true,
            false,
            false,
            false,
            true
        ],
        "robot1_stations": [
            0,
            1,
            2,
            3,
            4
        ],
        "robot2_stations": [
            4,
            5,
            6,
            7,
            8
        ],
        "shape_mode": "BASE",
        "shape_weight": 1.0,
        "tiempos_estacion": [
            0,
            8,
            8,
            5,
            10,
            5,
            4,
            4,
            0
        ],
        "baseline_time": 120.0,
        "d_min": 0.15,
        "PENALTY": 1000.0
    },
    "fitness": 0.3793016609780688,
    "total_time": 45.516199317368255,
    "baseline_time": 120.0,
    "delta_time": -74.48380068263174,
    "improvement_percent": 62.06983390219312,
    "best_history": [
        0.39465183443327984,
        0.39465183443327984,
        0.3936498350098737,
        0.3921029862510241,
        0.39089361787595284,
        0.38940351477803603,
        0.3851901092338773,
        0.38404535258872513,
        0.3835767827308467,
        0.38289072466247454,
        0.38265952217784693,
        0.38195787477453214,
        0.3818955261888804,
        0.38152601554256843,
        0.38141894617276867,
        0.3813228414942721,
        0.3810662637362769,
        0.3810189710650921,
        0.380893703234539,
        0.38081823521322955,
        0.38059113959654145,
        0.3805427102994659,
        0.38037293142785983,
        0.3803554335343438,
        0.38021660782364264,
        0.3801872240042812,
        0.3801330661528069,
        0.3801183648518955,
        0.37995994457996934,
        0.37995994457996934,
        0.3799409986078271,
        0.3799409986078271,
        0.37993405697933486,
        0.37991027766815605,
        0.37988490143837805,
        0.37988490143837805,
        0.3798832612081944,
        0.3798700700531122,
        0.3798664229542622,
        0.37986438453018007,
        0.379842515515263,
        0.3797922673211034,
        0.37976582153307537,
        0.3797497804040103,
        0.3796908793560126,
        0.37966514624120296,
        0.3796507690338388,
        0.37961722116638924,
        0.3795915946457349,
        0.37958765263742594,
        0.3795790597485166,
        0.3795790597485166,
        0.37955861735051344,
        0.37955861735051344,
        0.37955522673059633,
        0.3795219742983711,
        0.3794781194699249,
        0.3794781194699249,
        0.3794647092885278,
        0.3794647092885278,
        0.37945630554867854,
        0.37945126147256436,
        0.3794391876893739,
        0.3794389197506579,
        0.3794318507700665,
        0.3794318507700665,
        0.37942588411738043,
        0.37942196910233666,
        0.3794214390607422,
        0.37941691837060565,
        0.379399936136409,
        0.379399936136409,
        0.379399936136409,
        0.379399936136409,
        0.3793999125166349,
        0.3793999125166349,
        0.37937071758833285,
        0.37937071758833285,
        0.37936965601202716,
        0.37936694928310166,
        0.37934092134224817,
        0.37934092134224817,
        0.37934092134224817,
        0.37934092134224817,
        0.37931916053474507,
        0.37930758982536794,
        0.37930758982536794,
        0.37930758982536794,
        0.3793074332927792,
        0.3793074332927792,
        0.3793074332927792,
        0.3793074332927792,
        0.3793074268825121,
        0.3793074268825121,
        0.3793074268825121,
        0.3793074191025473,
        0.37930734381762965,
        0.37930734381762965,
        0.37930734381762965,
        0.37930625936094103,
        0.37930625936094103,
        0.37930625936094103,
        0.37930625936094103,
        0.3793061706318621,
        0.3793061494025531,
        0.37930593504387605,
        0.37930593504387605,
        0.3793043093783127,
        0.3793043093783127,
        0.3793039988776346,
        0.3793039432622721,
        0.3793029982759437,
        0.3793029982759437,
        0.3793025114271361,
        0.3793024463373235,
        0.3793024463373235,
        0.3793024463373235,
        0.37930214716802796,
        0.3793019747148503,
        0.37930192429134085,
        0.37930192429134085,
        0.37930192429134085,
        0.37930192429134085,
        0.3793019205677793,
        0.3793019205677793,
        0.3793019191648866,
        0.37930186471807725,
        0.37930186471807725,
        0.37930186471807725,
        0.3793018212167659,
        0.37930180895901844,
        0.3793017844592288,
        0.3793017843189924,
        0.37930178418052646,
        0.37930178418052646,
        0.3793017807075643,
        0.3793017807075643,
        0.3793017807075643,
        0.37930177537060505,
        0.37930177537060505,
        0.37930177537060505,
        0.3793017753596209,
        0.3793017753596209,
        0.3793017753596209,
        0.3793017753596209,
        0.3793017753596209,
        0.3793017753596209,
        0.3793016609780688,
        0.3793016609780688,
        0.3793016609780688
    ],