{
    "layout_id": "23b6efd4",
    "layout_vars": [
        0.47707581870255245,
        0.5053877568081165,
        0.3319703000606763,
        0.5034242083174726,
        0.8848982020010894,
        0.5784217266232738,
        0.5606834748787245,
        0.8743074789439375,
        0.765301397204849,
        1.0951460264355544,
        0.8503321319423247,
        1.353468554990924
    ],
    "stations": [
        [
            0.61,
            0.39
        ],
        [
            0.47707581870255245,
            0.5053877568081165
        ],
        [
            0.3319703000606763,
            0.5034242083174726
        ],
        [
            0.8848982020010894,
            0.5784217266232738
        ],
        [
            0.7,
            0.93
        ],
        [
            0.5606834748787245,
            0.8743074789439375
        ],
        [
            0.765301397204849,
            1.0951460264355544
        ],
        [
            0.8503321319423247,
            1.353468554990924
        ],
        [
            0.61,
            1.45
        ]
    ],
    "movable_indices": [
        1,
        2,
        3,
        5,
        6,
        7
    ],
    "fixed_mask": [
        true,
        false,
        false,
        false,
        true,
        false,
        false,
        false,
        true
    ],
    "params": {
        "R1": [
            0.5325,
            0.65
        ],
        "R2": [
            0.5325,
            1.2
        ],
        "A": [
            0.66,
            0.44
        ],
        "reach": 0.381,
        "r_min": 0.2,
        "stations_base": [
            [
                0.61,
                0.39
            ],
            [
                0.8,
                0.525
            ],
            [
                0.8,
                0.655
            ],
            [
                0.8,
                0.79
            ],
            [
                0.7,
                0.93
            ],
            [
                0.8,
                1.06
            ],
            [
                0.8,
                1.19
            ],
            [
                0.8,
                1.325
            ],
            [
                0.61,
                1.45
            ]
        ],
        "fixed_mask": [
            true,
            false,
            false,
            false,
            true,
            false,
            false,
            false,
            true
        ],
        "robot1_stations": [
            0,
            1,
            2,
            3,
            4
        ],
        "robot2_stations": [
            4,
            5,
            6,
            7,
            8
        ],
        "shape_mode": "BASE",
        "shape_weight": 1.0,
        "tiempos_estacion": [
            0,
            8,
            8,
            5,
            10,
            5,
            4,
            4,
            0
        ],
        "baseline_time": 120.0,
        "d_min": 0.15,
        "PENALTY": 1000.0
    },
    "fitness": 1.4074745393732944,
    "total_time": 168.89694472479533,
    "baseline_time": 120.0,
    "delta_time": 48.89694472479533,
    "improvement_percent": -40.74745393732944,
    "best_history": [
        0.7213048381888068,
        0.690271740283876,
        0.6595107156670931,
        0.6561020652435388,
        0.6514772069181448,
        0.6477645107647015,
        0.6455587245723465,
        0.6455587245723465,
        0.6428508314362946,
        0.6421508235840072,
        0.6421488437484818,
        0.6420436983197649,
        0.6419862987946076,
        0.641965898589043,
        0.6419533501141442,
        0.6419513702786188,
        0.641925582084215,
        0.6419023580387725,
        0.6419018283665902,
        0.6418740603366612,
        0.6418639435731996,
        0.6418608166279424,
        0.6418538248271516,
        0.641853295154969,
        0.641853295154969,
        0.641853295154969,
        0.6418532951549689,
        0.6418532951549689,
        0.6418313363569361,
        0.6418238432159264,
        0.6418238432159264,
        0.6418238432159264,
        0.6418238432159263,
        0.6418238432159263,
        0.6418238432159263,
        0.6418238432159263,
        0.6418238432159263,
        0.6418218574831623,
        0.6418218574831623,
        0.6418218574831623,
        0.6418157047079958,
        0.6418157047079958,
        0.6418157047079958,
        0.6418157047079958,
        0.6418157047079958,
        0.6418157047079958,
        0.6418157047079958,
        0.6418157047079958,
        0.6418157047079958,
        0.6418157047079958,
        0.6418157047079958,
        0.6418157047079958,
        0.6418157047079958,
        0.6418136755001554,
        0.6418136755001554,
        0.6418136755001554,
        0.6418136755001554,
        0.6418136755001554,
        0.6418136755001554,
        0.6418136755001554,
        0.6418136755001554,
        0.6418136755001554,
        0.6418136755001554,
        0.6418136755001554,
        0.6418136755001554,
        0.6418136755001554,
        0.6418136755001554,
        0.6418136755001554,
        0.6418136755001554,
        0.6418136755001554,
        0.6418136755001554,
        0.6418136755001554,
        0.6418136755001554,
        0.6418136755001554,
        0.6418136755001554,
        0.6418136755001554,
        0.6418136755001554,
        0.6418136755001554,
        0.6418136755001554,
        0.6418129097236481
    ],
    "avg_history": [
        3800.7347050449625,
        101.01707299603692,
        500.719516829646,
        0.7510778106485351,
        0.6734422102414135,
        0.6910661794720473,
        0.6596384020576643,
        0.6598805352097756,
        0.6617865940627601,
        0.65410114626756,
        0.6704471852528583,
        0.6662246660825107,
        0.6605928918257736,
        0.6591719126748891,
        0.6598283356496996,
        0.65643661172804,
        0.6718102812853814,
        0.6561576514131927,
        0.655560549465847,
        0.6606262369754485,
        0.6623022202604916,
        0.6678097671127687,
        0.6677161836586426,
        0.6571364757771518,
        0.6591041155851185,
        0.6653478494995531,
        0.6593226984171051,
        0.6722934124208677,
        0.6645660640408664,
        0.6516178048671515,
        0.6539676154905243,
        0.6654082012880989,
        0.6722394902447125,
        0.6650080976315492,
        0.6543860000391247,
        0.6486846441859542,
        0.6590078251434592,
        0.6540355920619091,
        0.6591914973170868,
        0.672445881128937,
        0.651410037381555,
        0.674856473247523,
        0.6578657422066092,
        0.6475495895362051,
        0.652214600645136,
        0.6562869873633669,
        0.6530091644457786,
        0.6571323077958334,
        0.6609602939831711,
        0.664799139256445,
        0.659112841020808,
        0.6615820923098253,
        0.6711653287024194,
        0.6607336350524625,
        0.65737073909514,
        0.6515881103742018,
        0.6681132762168898,
        0.6532849618777088,
        0.6666966687979542,
        0.6580529400496248,
        0.6560710521151526,
        0.6601740409284345,
        0.6602464510304316,
        0.662291103158487,
        0.6619484645927485,
        0.66211668562053,
        0.6660797690807277,
        0.6612250291257424,
        0.6588110068486986,
        0.6624721102501091,
        0.6676202004591693,
        0.660066141749533,
        0.6597819381819099,
        0.6577129518668775,
        0.6633160775568165,
        0.6595352076838218,
        0.6570042914351168,
        0.6554831793543692,
        0.660230917813965,
        0.653490797555312
    ],
    "metrics": {
        "move_r1": null,
        "proc_r1": null,
        "total_r1": null,
        "move_r2": null,
        "proc_r2": null,
        "total_r2": null,
        "total_system": 118.88517930388053,
        "balance": 0.0,
        "symmetry_index": 0.0,