{
    "layout_id": "65220ede",
    "layout_vars": [
        0.7230663442132302,
        0.4984185283138456,
        0.8479405817926005,
        0.6768002621397464,
        0.8377772484175416,
        0.8460357017315424,
        0.7206152596118003,
        1.146127965796841,
        0.7818026999440367,
        1.3185431357480255,
        0.8717487870478051,
        1.1985019599847262
    ],
    "stations": [
        [
            0.61,
            0.39
        ],
        [
            0.7230663442132302,
            0.4984185283138456
        ],
        [
            0.8479405817926005,
            0.6768002621397464
        ],
        [
            0.8377772484175416,
            0.8460357017315424
        ],
        [
            0.7,
            0.93
        ],
        [
            0.7206152596118003,
            1.146127965796841
        ],
        [
            0.7818026999440367,
            1.3185431357480255
        ],
        [
            0.8717487870478051,
            1.1985019599847262
        ],
        [
            0.61,
            1.45
        ]
    ],
    "movable_indices": [
        1,
        2,
        3,
        5,
        6,
        7
    ],
    "fixed_mask": [
        true,
        false,
        false,
        false,
        true,
        false,
        false,
        false,
        true
    ],
    "params": {
        "R1": [
            0.5325,
            0.65
        ],
        "R2": [
            0.5325,
            1.2
        ],
        "A": [
            0.66,
            0.44
        ],
        "reach": 0.381,
        "r_min": 0.2,
        "stations_base": [
            [
                0.61,
                0.39
            ],
            [
                0.8,
                0.525
            ],
            [
                0.8,
                0.655
            ],
            [
                0.8,
                0.79
            ],
            [
                0.7,
                0.93
            ],
            [
                0.8,
                1.06
            ],
            [
                0.8,
                1.19
            ],
            [
                0.8,
                1.325
            ],
            [
                0.61,
                1.45
            ]
        ],
        "fixed_mask": [
            true,
            false,
            false,
            false,
            true,
            false,
            false,
            false,
            true
        ],
        "robot1_stations": [
            0,
            1,
            2,
            3,
            4
        ],
        "robot2_stations": [
            4,
            5,
            6,
            7,
            8
        ],
        "shape_mode": "BASE",
        "shape_weight": 1.0,
        "tiempos_estacion": [
            0,
            8,
            8,
            5,
            10,
            5,
            4,
            4,
            0
        ],
        "baseline_time": 120.0,
        "d_min": 0.15,
        "PENALTY": 1000.0
    },
    "fitness": 0.9617229141859756,
    "total_time": 115.40674970231707,
    "baseline_time": 120.0,
    "delta_time": -4.593250297682928,
    "improvement_percent": 3.8277085814024447,
    "best_history": [
        0.7953680118436843,
        0.7172247513100541,
        0.7039739562912134,
        0.6937371692613353,
        0.6797217937930278,
        0.6774423711037286,
        0.671793549614946,
        0.6603320634856819,
        0.659147192455547,
        0.6530733676737707,
        0.6511961737842289,
        0.6476368090619314,
        0.6436513483750531,
        0.6414783815943956,
        0.6363378161395217,
        0.6363378161395217,
        0.6352353255904087,
        0.6343421737994428,
        0.6330505147398598,
        0.6330505147398598,
        0.6317040077021072,
        0.6310137425993246,
        0.6294164561184797,
        0.6283785637782657,
        0.6269703459045401,
        0.62697034590454,
        0.6259976657688882,
        0.622723208107475,
        0.6224449277953901,
        0.6222514083060506,
        0.6214141255571565,
        0.6213028519860667,
        0.6213028519860667,
        0.6211630924970952,
        0.6211630924970951,
        0.6211630924970951,
        0.6211508616928788,
        0.6211508616928788,
        0.6211508616928788,
        0.6211508616928788,
        0.6211508616928788,
        0.6211508616928788,
        0.6211168288485329,
        0.6211156182288876,
        0.6211156182288876,
        0.6211156182288876,
        0.6211156182288876,
        0.6211156182288876,
        0.6211156182288876,
        0.6210976291411455,
        0.6210976291411455,
        0.6210976291411455,
        0.6210976291411455,
        0.6210976291411455,
        0.6210976291411455,
        0.6210976291411455,
        0.6210976291411455,
        0.6210976291411455,
        0.6210976291411455,
        0.6210976291411455,
        0.62109746147549,
        0.6210874652673538,
        0.6210874652673538,
        0.6210874652673538,
        0.6210874652673538,
        0.6210874652673538,
        0.6210874652673538,
        0.6210874652673538,
        0.6210874652673538,
        0.6210874652673538,
        0.6210874652673538,
        0.6210874652673538,
        0.6210874652673538,
        0.6210874652673538,
        0.6210874652673538,
        0.6210874652673538,
        0.6210874652673538,
        0.6210874652673538,
        0.6210874652673538,
        0.6210874652673538
    ],
    "avg_history": [
        4300.581410590274,
        400.9276640768398,
        0.8285649050317083,
        0.7472704886211736,
        0.7296772076116647,
        0.7029819931233112,
        0.68988635407926,
        0.6879565140097155,
        0.6782376603889457,
        0.6698556966168142,
        0.6638790611239129,
        0.66003873893241,
        0.6547224423902953,
        0.657989334220692,
        0.6654087704010412,
        0.6664654394994892,
        0.6543064623485035,
        0.6538123576117661,
        0.6556183134378618,
        0.6687655919827185,
        0.6654506175615665,
        0.6558507855007298,
        0.6617216168616633,
        0.6445333331338112,
        0.6536450516978983,
        0.6438829126494119,
        0.6456128562548494,
        0.6432938741352574,
        0.6507632818887368,
        0.6563210009086142,
        0.652802592943919,
        0.6490049621550742,
        0.6443185483439943,
        0.6576496987545235,
        0.6505218644415084,
        0.6472100601190615,
        0.6494024472258387,
        0.6444119904635383,
        0.6394832522775221,
        0.6456520268665862,
        0.6577571058822228,
        0.6474391080359985,
        0.6482395273713347,
        0.6546276331934332,
        0.6592957935484713,
        0.6606154429918811,
        0.655990522853994,
        0.6482921355149142,
        0.6581561835734664,
        0.637717714331891,
        0.6424848660293232,
        0.6571405547609721,
        0.6640886454341915,
        0.6547638829694153,
        0.6453146198380039,
        0.6649405167346718,
        0.6558470849938571,
        0.6626890201595304,
        0.6508091170693449,
        0.651753688458763,
        0.6477566356087239,
        0.6414578676488627,
        0.6564426406121701,
        0.6549113038399146,
        0.6599149656290099,
        0.6724623379278876,
        0.6459630775578096,
        0.6585030444793242,
        0.6438016342298859,
        0.6425608482407223,
        0.6551705034166616,
        0.6714938433380666,
        0.6542635850740106,
        0.6534906573579837,
        0.6570350576803857,
        0.6621881310677566,
        0.6582471770765779,
        0.6537608065667898,
        0.6540590825024439,
        0.6496131452668966
    ],
    "metrics": {
        "move_r1": null,
        "proc_r1": null,
        "total_r1": null,
        "move_r2": null,
        "proc_r2": null,
        "total_r2": null,
        "total_system": 111.0838995384728,
        "balance": 0.0,
        "symmetry_index": 0.0,